"","pred","real"
"1",-6.59487529100089,-6.90775527898214
"2",-1.94118727319691,-1.74278771040989
"3",-1.30338505297196,-1.30516227725039
"4",-0.956843289457343,-0.943448834418183
"5",-0.594092045246178,-0.632043517773725
"6",-0.564850152718233,-0.424295294552707
"7",-0.49297470393228,-0.264082039227031
"8",-0.139260260888916,-0.312012516542605
"9",0.0276556870310329,-0.123917702981508
"10",-0.161795327644219,-0.0661025378877161
