"","pred","real"
"1",-6.1247389636154,-6.90775527898214
"2",-1.8742265456098,-1.50119807748602
"3",-1.23159685951062,-1.13792922316896
"4",-0.901268161279788,-0.827630537725942
"5",-0.581908843370357,-0.47766133852048
"6",-0.636103182314656,-0.359006003483278
"7",-0.601221683377346,-0.266699072580656
"8",0.00380570853840823,-0.238117647964081
"9",0.0802251840251843,-0.211987564443061
"10",-0.175377354037916,-0.114425956197625
