year,人均GDP增长率,人口自然增长率加一,政府卫生支出占比,变异系数
2013,0.093666376,1.59,0.06,0.443839363433743
2014,0.078514286,1.67,0.07,0.437507081131138
2015,0.064176034,1.49,0.07,0.44587930838091
2016,0.077333548,1.65,0.07,0.45621401121724
2017,0.108012829,1.56,0.07,0.454272156430865
2018,0.099702419,1.38,0.07,0.45365644533455
2019,0.069337549,1.33,0.07,0.448624803176914
2020,0.0249788,1.15,0.08,0.441893337175489
2021,0.132842441,1.03,0.08,0.441133976752797
2022,0.053190776,0.94,0.08,0.424161674244903
