year,人均GDP增长率,人口自然增长率加一,政府卫生支出占比,个人卫生支出占比
2013,0.093666376,1.59,0.06,0.33879697515042
2014,0.078514286,1.67,0.07,0.31987089941901
2015,0.064176034,1.49,0.07,0.29268466443334
2016,0.077333548,1.65,0.07,0.2877965382486
2017,0.108012829,1.56,0.07,0.28772038845425
2018,0.099702419,1.38,0.07,0.28605283557314
2019,0.069337549,1.33,0.07,0.28361901229607
2020,0.0249788,1.15,0.08,0.27654215448563
2021,0.132842441,1.03,0.08,0.2759538390206
2022,0.053190776,0.94,0.08,0.2688575510659
