year,卫生总费用增长率,人均GDP增长率,政府卫生支出占比,CPI
2013,0.110384555,0.093666376,0.06,102.62401527
2014,0.064703706,0.078514286,0.07,101.98842742
2015,0.096194962,0.064176034,0.07,101.44082395
2016,0.11365465,0.077333548,0.07,102.00284829
2017,0.12402744,0.108012829,0.07,101.5577222
2018,0.134931841,0.099702419,0.07,102.10452852
2019,0.13106253,0.069337549,0.07,102.90428294
2020,0.160347074,0.0249788,0.08,102.5
2021,0.11504802,0.132842441,0.08,100.9
2022,0.126247377,0.053190776,0.08,102.0
