year,0
2013,0.0
2014,0.15965325842010514
2015,0.25384634896562835
2016,0.3748677017392306
2017,0.5217455552701037
2018,0.648456847218557
2019,0.7723600787477635
2020,0.7268877300680954
2021,0.8765713787573022
2022,0.9359440578737779
