year,0
2013,0.0
2014,0.13722677161328617
2015,0.2083439541652366
2016,0.33472376589019587
2017,0.48332075531950597
2018,0.6209133710718099
2019,0.793894098372346
2020,0.6396293545221811
2021,0.8738264909986442
2022,0.8992285277749573
