year,0
2013,0.0
2014,0.1412111009109814
2015,0.2193438851276562
2016,0.34388783098893166
2017,0.48919488678787826
2018,0.6282589281299595
2019,0.7912334647249424
2020,0.6601324498290345
2021,0.8769405319448662
2022,0.9094970261486035
