year,0
2013,0.0
2014,0.2218629930025329
2015,0.3194819818210114
2016,0.4360837136894462
2017,0.6192322101762416
2018,0.6973701586854187
2019,0.7649035181589565
2020,0.7871099661064399
2021,0.8079747575556087
2022,0.890877974009782
