year,0
2013,0.0
2014,0.1457083127692938
2015,0.24421261395313731
2016,0.3622781588735301
2017,0.49156831351574587
2018,0.6193882665858047
2019,0.7530087316024121
2020,0.7118253006356576
2021,0.8758121703719328
2022,0.935044247607836
