year,0
2013,0.0
2014,0.17403178194915653
2015,0.2701285334825535
2016,0.38828294512016925
2017,0.5305045514806249
2018,0.6532306626310738
2019,0.76691053828546
2020,0.7309723664076657
2021,0.8824525434014104
2022,0.9350348803312489
