"","Estimate","Scaled estimate","Std. Error (scaled)","t value (scaled)","Pr(>|t|)"
"(Intercept)",11.1129078046464,NA,NA,NA,NA
"AI",0.852789814571361,5.22949293953236,0.336373644835315,15.5466785814705,0
"Eco",0.172064683808398,0.235618808831151,0.236735621276933,0.995282448666756,0.319598911599829
"Popu",1.15004603005526,0.702243623343974,0.348450310409392,2.01533361390585,0.043869705158996
"Gover",4.94696533064883,1.30139210112932,0.408291484763463,3.18740936241486,0.00143553442295796
"Area",-2.33412794661467,-0.150908252967722,0.30093435242462,0.501465690945078,0.616043417968053
