"","Estimate","Std. Error","t value","Pr(>|t|)"
"(Intercept)",-4.14515834737937,4.05791362963295,-1.02149989519474,0.364769458687663
"AI",1.02521053772198,0.035173629781458,29.1471350580491,8.24835622397145e-06
"Eco",0.196520076769581,0.0761438234068267,2.58090634245669,0.0612687835296414
"Popu",1.54006867125007,0.30729546206737,5.0116869962513,0.00742881206976568
"Gover",1.80060764183294,1.10068474711911,1.63589769599859,0.177201430194202
"Area",-11.2443144046154,2.43783559258176,-4.61241703043117,0.00993756959003408
