"","AI","HM","Eco","Popu","Gover","Area"
"AI",1,0.995374105250865,-0.207272860107959,-0.486165076932171,0.791065577448333,0.0251595614368797
"HM",0.995374105250865,1,-0.194611432799642,-0.46885850509985,0.797603814069861,-0.0151463994735278
"Eco",-0.207272860107959,-0.194611432799642,1,0.284272168844921,-0.392478615549172,0.338394145750037
"Popu",-0.486165076932171,-0.46885850509985,0.284272168844921,1,-0.809601228728452,0.639032235474177
"Gover",0.791065577448333,0.797603814069861,-0.392478615549172,-0.809601228728452,1,-0.457032254182252
"Area",0.0251595614368797,-0.0151463994735278,0.338394145750037,0.639032235474177,-0.457032254182252,1
