year,中国:总人口
2013,142.45145147303987
2014,143.40997681097994
2015,144.11845206076177
2016,145.06239114355927
2017,145.87401205470638
2018,146.42620599938925
2019,146.91276179593058
2020,147.1253043708651
2021,147.1753143884968
2022,147.08675498227404
